timestamp,message
2026-02-26 01:31:22,[2026-02-26 01:31:22] [UPDATE] hub_72 status=running progress=1/21 (5.34%) ok=1 failed=0 stopped=0 no_master=0 aborted=0 elapsed=00:09:59
2026-02-26 01:31:22,  estimate remaining=02:57:07 total=03:07:06 finish_at=2026-02-26 04:28:29
2026-02-26 01:31:22,  running step=2 env_rate=0.6
2026-02-26 01:31:22,  running master=master_9128 sims=94 avg_1000_iter=1.06s avg_fps=945.92 species_progress=2412.0/20000 (12.06%) species_total=2412.0 species_max=37.0 frames_max=102000
2026-02-26 01:31:22,"  last step=1 status=ok env_rate=0.5 master=9127 r2=0.8570 apex=(0.116,5590)"
2026-02-26 01:31:32,[2026-02-26 01:31:32] [UPDATE] hub_72 status=running progress=1/21 (5.42%) ok=1 failed=0 stopped=0 no_master=0 aborted=0 elapsed=00:10:09
2026-02-26 01:31:32,  estimate remaining=02:57:12 total=03:07:21 finish_at=2026-02-26 04:28:44
2026-02-26 01:31:32,  running step=2 env_rate=0.6
2026-02-26 01:31:32,  running master=master_9128 sims=94 avg_1000_iter=1.06s avg_fps=947.38 species_progress=2757.0/20000 (13.79%) species_total=2757.0 species_max=46.0 frames_max=120000
2026-02-26 01:31:32,"  last step=1 status=ok env_rate=0.5 master=9127 r2=0.8570 apex=(0.116,5590)"
